base,delta,maps
0.5,0.7097222222222223,0.7852777777777777
0.5,0.7016666666666667,0.7838888888888889
0.5,0.6994444444444444,0.7713888888888888
0.5,0.7594444444444445,0.8605555555555555
0.5,0.7705555555555555,0.8430555555555554
0.5,0.7813888888888889,0.8622222222222222
0.5,0.8005555555555555,0.8283333333333334
0.5,0.7344444444444445,0.7813888888888889
0.5,0.7533333333333333,0.7927777777777778
0.5,0.7980555555555555,0.8233333333333334
