{"p": 0.15800121833989111, "d": 0.20458533428756465, "controls": -1.588019630414374, "patients": -0.8497338556211512}