{"p": 0.011551312602328018, "d": 0.18539443832557773}