base,delta,maps
0.5,0.45535714285714285,0.48852040816326525
0.5,0.475765306122449,0.5816326530612245
0.5,0.4795918367346939,0.7142857142857142
0.5,0.48214285714285715,0.6466836734693877
0.4755291005291005,0.5873015873015872,0.6005291005291005
0.47089947089947093,0.6798941798941799,0.6534391534391535
0.47619047619047616,0.7010582010582012,0.6031746031746033
0.5,0.4828042328042328,0.626984126984127
0.5,0.5873015873015873,0.5833333333333334
0.5,0.47883597883597884,0.5423280423280423
