base,delta,maps
0.5,0.39999999999999997,0.5
0.47500000000000003,0.75,0.35
0.5,0.6875,0.25
0.5,0.5,0.75
0.5,0.6875,0.75
0.5,0.5,0.5625
0.40625,0.0,0.5
0.5,0.0,0.125
0.5,0.625,0.5
0.5,0.75,0.6875
