base,delta,maps
0.5,0.7165991902834008,0.6336032388663968
0.5,0.49257759784075567,0.6666666666666666
0.5,0.6369770580296895,0.7489878542510121
0.5,0.5269905533063428,0.6194331983805668
0.5,0.48043184885290147,0.5647773279352227
0.5,0.5870445344129555,0.6039136302294197
0.5,0.6005398110661267,0.5438596491228069
0.5,0.6295546558704453,0.7807017543859649
0.5,0.48313090418353577,0.6740890688259109
0.5,0.5337381916329285,0.645748987854251
