base,delta,maps
0.5,0.724007561436673,0.9054820415879017
0.5,0.5765595463137996,0.9168241965973535
0.5,0.6105860113421551,0.8941398865784498
0.5,0.6124763705103969,0.8241965973534972
0.5,0.6427221172022684,0.8846880907372401
0.5,0.6408317580340264,0.8544423440453687
0.5,0.6363636363636364,0.8438735177865613
0.5,0.7154150197628459,0.8260869565217391
0.4535573122529645,0.683794466403162,0.8972332015810276
0.4496047430830039,0.507905138339921,0.8596837944664032
