{"p": 0.04353061675800145, "d": 0.17446748361105233, "controls": -1.5226348948007795, "patients": -0.8856487939283844}