hid,fv,fv_95l,fv_95u,id
7,0.0571428571428571,0.0027673908256784,0.111518323460036,1
8,0.0571428571428571,0.0027673908256784,0.111518323460036,2
9,0.0571428571428571,0.0027673908256784,0.111518323460036,3
2,0.214285714285714,0.11816256187807,0.310408866693358,4
3,0.228571428571429,0.130202508803416,0.326940348339442,5
4,0.328571428571429,0.218540728042869,0.438602129099989,6
6,0.328571428571429,0.218540728042869,0.438602129099989,7
1,0.371428571428571,0.258237011990984,0.484620130866158,8
5,0.842857142857143,0.75760145172369,0.928112833990596,9
