name,significant,counts,ratios,idx
Biochemical measures,9,65,0.13846153846153847,0
Microbial infection,0,23,0.0,1
Health related,1,76,0.013157894736842105,2
Mental health,1,34,0.029411764705882353,3
Cognitive measures,0,23,0.0,4
Physical measures,0,25,0.0,5
Lifestyle,0,18,0.0,6
Diet,1,24,0.041666666666666664,7
Alcohol,3,19,0.15789473684210525,8
Smoking,3,28,0.10714285714285714,9
Socioeconomic,0,10,0.0,10
Family,1,18,0.05555555555555555,11
Early life factors,2,13,0.15384615384615385,12
