{"p": 1.2590154918887986e-15, "d": 0.46693252675936, "controls": -2.8272261285508415, "patients": -0.6910952697759363}