{"p": 0.08690548433295113, "d": 0.3423815779204048}