{"p": 1.7161212851037028e-22, "d": 0.8700179438783239, "controls": -2.2003445160079655, "patients": 2.2203339006226637}