base,delta,maps
0.5,0.5,0.469375
0.5,0.5,0.49812500000000004
0.5,0.5,0.44562500000000005
0.5,0.44999999999999996,0.5331250000000001
0.5,0.5,0.5846153846153846
0.5,0.45961538461538465,0.44679487179487176
0.48108974358974366,0.5,0.4125
0.5,0.5,0.5865384615384616
0.5,0.5,0.5852564102564103
0.5,0.4564102564102564,0.4685897435897436
