{"p": 4.291772652743509e-05, "d": 0.34419135892926994, "controls": -1.4294431247044108, "patients": -0.02941495664036142}