base,delta,maps
0.4811466942148761,0.5635330578512396,0.5361570247933884
0.48243801652892565,0.46590909090909094,0.4674586776859504
0.5,0.49735729386892175,0.4635306553911205
0.5,0.5613107822410148,0.5153276955602537
0.5,0.49894291754756875,0.42917547568710357
0.5,0.5480972515856237,0.47621564482029605
0.5,0.55338266384778,0.5660676532769556
0.5,0.44926004228329813,0.38266384778012685
0.5,0.5364693446088795,0.4693446088794926
0.5,0.5200845665961945,0.6379492600422833
