base,delta,maps
0.5,0.5,0.5357142857142858
0.5,0.5,0.5476190476190477
0.5,0.5,0.30952380952380953
0.42857142857142855,0.5,0.4642857142857143
0.5,0.5,0.21428571428571433
0.5,0.5,0.21428571428571427
0.5,0.5,0.5595238095238096
0.5,0.5,0.33333333333333337
0.4285714285714286,0.5,0.3571428571428571
0.5,0.5,0.6666666666666667
