{"p": 4.271136871773055e-20, "d": 0.5951561644265195, "controls": -2.836561138755212, "patients": -0.029530896380468186}