base,delta,maps
0.5,0.5567307692307691,0.661298076923077
0.5,0.651201923076923,0.6485576923076923
0.4896634615384615,0.6274038461538461,0.6538461538461539
0.5,0.6552884615384614,0.6329326923076922
0.4930288461538461,0.5629807692307692,0.6302884615384616
0.5,0.5552884615384616,0.5639423076923076
0.5,0.5175480769230769,0.6276442307692308
0.5,0.6403846153846154,0.6194711538461539
0.5,0.5004807692307693,0.578125
0.5,0.578857421875,0.610595703125
