ADHD,ANX,ASD,BIP,DEM,MCI,MDD,MS,PARK,SCZ
0.49810897435897433,0.49523809523809514,0.49635847107438014,0.49226190476190473,0.5,0.49826923076923074,0.48571428571428577,0.4903162055335969,0.488125,0.5
0.005673076923076903,0.03696232070538098,0.007288779550133316,0.011890239525524992,0.0,0.0035423917345747485,0.02857142857142857,0.01938774461411972,0.028291175744390686,0.0
,,,,,,,,,
0.4866025641025641,0.5629251700680271,0.5194347011339612,0.5410052910052909,0.7508611111111112,0.5846165114182692,0.5,0.6350661625708884,0.49000000000000005,0.5687584345479082
0.020581715233973744,0.12564102836533964,0.03828795817113786,0.08676081922181754,0.036224490811713285,0.05299528149926912,0.0,0.061267466724251415,0.26831651085984254,0.0744710953393538
0.9279364825919924,0.1376953125,0.080078125,0.2783203125,0.0009765625,0.0009765625,0.08985624743949988,0.0009765625,0.3895853741815707,0.013671875
0.5030544871794872,0.5969387755102041,0.49438905439169717,0.6040910808767951,0.8132222222222222,0.6226701472355769,0.42023809523809524,0.8706650627255541,0.49749999999999994,0.6481781376518219
0.06188131994766133,0.13799005746127357,0.06877547521811003,0.059191516302769843,0.0326875405719362,0.029852270299099076,0.14840898475958128,0.03169312841864493,0.19738920943151883,0.07041327908662633
0.34765625,0.3125,0.9345703125,0.0419921875,0.0009765625,0.0244140625,0.8837890625,0.0009765625,0.4228515625,0.009765625
